﻿<?xml version="1.0" encoding="utf-8"?>
<?xml-stylesheet type="text/xsl" href="c:\program files (x86)\microsoft visual studio 11.0\team tools\static analysis tools\fxcop\Xml\CodeAnalysisReport.xsl"?>
<FxCopReport Version="11.0">
 <Targets>
  <Target Name="C:\Users\Daya\Desktop\FlowMonitor-master\FlowMonitor\bin\Debug\FlowMonitor.exe">
   <Modules>
    <Module Name="flowmonitor.exe">
     <Namespaces>
      <Namespace Name="onewater">
       <Types>
        <Type Name="MainWindow" Kind="Class" Accessibility="Public" ExternallyVisible="True">
         <Messages>
          <Message TypeName="TypesThatOwnDisposableFieldsShouldBeDisposable" Category="Microsoft.Design" CheckId="CA1001" Status="Active" Created="2017-09-26 11:39:13Z" FixCategory="DependsOnFix">
           <Issue Name="DependsOnFix" Certainty="95" Level="CriticalError">在 'MainWindow' 上实现 IDisposable，因为它创建下列 IDisposable 类型的成员: 'Timer', 'NotifyIcon'。如果以前提供过 'MainWindow'，对于现有使用者来说，向此类型添加用于实现 IDisposable 的新成员属于重大更改。</Issue>
          </Message>
         </Messages>
        </Type>
       </Types>
      </Namespace>
      <Namespace Name="onewater.flowmonitor.common">
       <Types>
        <Type Name="SQLiteDBHelper" Kind="Class" Accessibility="Public" ExternallyVisible="True">
         <Members>
          <Member Name="#ExecuteDataTable(System.String,System.Data.SQLite.SQLiteParameter[])" Kind="Method" Static="False" Accessibility="Public" ExternallyVisible="True">
           <Messages>
            <Message TypeName="检查 SQL 查询是否存在安全漏洞" Category="Microsoft.Security" CheckId="CA2100" Status="Active" Created="2017-09-26 11:39:13Z" FixCategory="DependsOnFix">
             <Issue Name="WithNonLiterals" Certainty="75" Level="Warning" Path="c:\Users\Daya\Desktop\FlowMonitor-master\FlowMonitor\common" File="SQLiteDBHelper.cs" Line="106">传递给 'SQLiteDBHelper.ExecuteDataTable(string, SQLiteParameter[])' 中的 'SQLiteCommand.SQLiteCommand(string, SQLiteConnection)' 的查询字符串可能包含以下变量 'sql'。如果其中的任意变量可能来自用户输入，请考虑使用存储过程或参数化 SQL 查询，而不是通过字符串串联来生成查询。</Issue>
            </Message>
           </Messages>
          </Member>
          <Member Name="#ExecuteNonQuery(System.String,System.Data.SQLite.SQLiteParameter[])" Kind="Method" Static="False" Accessibility="Public" ExternallyVisible="True">
           <Messages>
            <Message TypeName="检查 SQL 查询是否存在安全漏洞" Category="Microsoft.Security" CheckId="CA2100" Status="Active" Created="2017-09-26 11:39:13Z" FixCategory="DependsOnFix">
             <Issue Name="WithNonLiterals" Certainty="75" Level="Warning" Path="c:\Users\Daya\Desktop\FlowMonitor-master\FlowMonitor\common" File="SQLiteDBHelper.cs" Line="67">传递给 'SQLiteDBHelper.ExecuteNonQuery(string, SQLiteParameter[])' 中的 'SQLiteCommand.CommandText.set(string)' 的查询字符串可能包含以下变量 'sql'。如果其中的任意变量可能来自用户输入，请考虑使用存储过程或参数化 SQL 查询，而不是通过字符串串联来生成查询。</Issue>
            </Message>
           </Messages>
          </Member>
          <Member Name="#ExecuteReader(System.String,System.Data.SQLite.SQLiteParameter[])" Kind="Method" Static="False" Accessibility="Public" ExternallyVisible="True">
           <Messages>
            <Message TypeName="检查 SQL 查询是否存在安全漏洞" Category="Microsoft.Security" CheckId="CA2100" Status="Active" Created="2017-09-26 11:39:13Z" FixCategory="DependsOnFix">
             <Issue Name="WithNonLiterals" Certainty="75" Level="Warning" Path="c:\Users\Daya\Desktop\FlowMonitor-master\FlowMonitor\common" File="SQLiteDBHelper.cs" Line="88">传递给 'SQLiteDBHelper.ExecuteReader(string, SQLiteParameter[])' 中的 'SQLiteCommand.SQLiteCommand(string, SQLiteConnection)' 的查询字符串可能包含以下变量 'sql'。如果其中的任意变量可能来自用户输入，请考虑使用存储过程或参数化 SQL 查询，而不是通过字符串串联来生成查询。</Issue>
            </Message>
           </Messages>
          </Member>
          <Member Name="#ExecuteScalar(System.String,System.Data.SQLite.SQLiteParameter[])" Kind="Method" Static="False" Accessibility="Public" ExternallyVisible="True">
           <Messages>
            <Message TypeName="检查 SQL 查询是否存在安全漏洞" Category="Microsoft.Security" CheckId="CA2100" Status="Active" Created="2017-09-26 11:39:13Z" FixCategory="DependsOnFix">
             <Issue Name="WithNonLiterals" Certainty="75" Level="Warning" Path="c:\Users\Daya\Desktop\FlowMonitor-master\FlowMonitor\common" File="SQLiteDBHelper.cs" Line="131">传递给 'SQLiteDBHelper.ExecuteScalar(string, SQLiteParameter[])' 中的 'SQLiteCommand.SQLiteCommand(string, SQLiteConnection)' 的查询字符串可能包含以下变量 'sql'。如果其中的任意变量可能来自用户输入，请考虑使用存储过程或参数化 SQL 查询，而不是通过字符串串联来生成查询。</Issue>
            </Message>
           </Messages>
          </Member>
          <Member Name="#GetSchema()" Kind="Method" Static="False" Accessibility="Public" ExternallyVisible="True">
           <Messages>
            <Message TypeName="不要多次释放对象" Category="Microsoft.Usage" CheckId="CA2202" Status="Active" Created="2017-09-26 11:39:13Z" FixCategory="DependsOnFix">
             <Issue Certainty="75" Level="Warning" Path="c:\Users\Daya\Desktop\FlowMonitor-master\FlowMonitor\common" File="SQLiteDBHelper.cs" Line="163">可以在方法 'SQLiteDBHelper.GetSchema()' 中多次释放对象 'connection'。若要避免生成 System.ObjectDisposedException，不应对一个对象多次调用 Dispose。: Lines: 163</Issue>
            </Message>
           </Messages>
          </Member>
         </Members>
        </Type>
       </Types>
      </Namespace>
      <Namespace Name="onewater.flowmonitor.core">
       <Types>
        <Type Name="FlowMonitor" Kind="Class" Accessibility="Assembly" ExternallyVisible="False">
         <Messages>
          <Message TypeName="TypesThatOwnDisposableFieldsShouldBeDisposable" Category="Microsoft.Design" CheckId="CA1001" Status="Active" Created="2017-09-26 11:39:13Z" FixCategory="NonBreaking">
           <Issue Name="NonBreaking" Certainty="95" Level="CriticalError">在 'FlowMonitor' 上实现 IDisposable，因为它创建下列 IDisposable 类型的成员: 'Timer', 'BackgroundWorker'。</Issue>
          </Message>
         </Messages>
         <Members>
          <Member Name="#ExtractIcon(System.IntPtr,System.String,System.Int32)" Kind="Method" Static="True" Accessibility="Private" ExternallyVisible="False">
           <Messages>
            <Message TypeName="MovePInvokesToNativeMethodsClass" Category="Microsoft.Design" CheckId="CA1060" Status="Active" Created="2017-09-26 11:39:13Z" FixCategory="Breaking">
             <Issue Certainty="95" Level="CriticalWarning">由于是 P/Invoke 方法，因此，应在名为 NativeMethods、SafeNativeMethods 或 UnsafeNativeMethods 的类中定义 'FlowMonitor.ExtractIcon(IntPtr, string, int)'。</Issue>
            </Message>
            <Message Id="1" TypeName="SpecifyMarshalingForPInvokeStringArguments" Category="Microsoft.Globalization" CheckId="CA2101" Status="Active" Created="2017-09-26 11:39:13Z" FixCategory="NonBreaking">
             <Issue Name="ParameterImplicitAnsi" Certainty="75" Level="Error">为了降低安全风险，请将参数 'lpszExeFileName' 封送为 Unicode，方法是将 DllImport.CharSet 设置为 CharSet.Unicode，或者将该参数显式封送为 UnmanagedType.LPWStr。如果您需要将该字符串封送为 ANSI 或者与系统相关的编码，请显式指定 MarshalAs，并设置 BestFitMapping=false；为了提高安全性，还应设置 ThrowOnUnmappableChar=true。</Issue>
            </Message>
           </Messages>
          </Member>
          <Member Name="#GetProcessIdByPort(System.UInt32,System.UInt32)" Kind="Method" Static="True" Accessibility="Private" ExternallyVisible="False">
           <Messages>
            <Message TypeName="MovePInvokesToNativeMethodsClass" Category="Microsoft.Design" CheckId="CA1060" Status="Active" Created="2017-09-26 11:39:13Z" FixCategory="Breaking">
             <Issue Certainty="95" Level="CriticalWarning">由于是 P/Invoke 方法，因此，应在名为 NativeMethods、SafeNativeMethods 或 UnsafeNativeMethods 的类中定义 'FlowMonitor.GetProcessIdByPort(uint, uint)'。</Issue>
            </Message>
           </Messages>
          </Member>
         </Members>
        </Type>
       </Types>
      </Namespace>
     </Namespaces>
    </Module>
   </Modules>
  </Target>
 </Targets>
 <Rules>
  <Rule TypeName="MovePInvokesToNativeMethodsClass" Category="Microsoft.Design" CheckId="CA1060">
   <Name>将 P/Invoke 移动到 NativeMethods 类</Name>
   <Description>此类型包含具有 DllImport 特性的成员。具有 DllImport 特性的成员应包含在名为 NativeMethods、SafeNativeMethods 或 UnsafeNativeMethods 的类中。</Description>
   <Resolution Name="Default">由于是 P/Invoke 方法，因此，应在名为 NativeMethods、SafeNativeMethods 或 UnsafeNativeMethods 的类中定义 {0}。</Resolution>
   <Owner />
   <Url>http://msdn.microsoft.com/library/ms182161(VS.100).aspx</Url>
   <Email>[none]</Email>
   <MessageLevel Certainty="95">CriticalWarning</MessageLevel>
   <File Name="designrules.dll" Version="11.0.0.0" />
  </Rule>
  <Rule TypeName="SpecifyMarshalingForPInvokeStringArguments" Category="Microsoft.Globalization" CheckId="CA2101">
   <Name>指定对 P/Invoke 字符串参数进行封送处理</Name>
   <Description>在将字符串封送为 ANSI (在 Win9x 上为 Auto)时，某些字符可能会改变。如果启用了最佳匹配映射，则采用 Unicode 编码时显示样式不同的字符串将封送到相同的 ANSI 字符串，这可能会导致错误的安全决策。禁用最佳匹配映射会降低此风险，因为所有没有等效项的字符都将映射到“?”。另外，请注意，CharSet.Ansi 是所有字符串的默认封送设置；Unicode 封送必须显式指定为 DllImport 或 StructLayout 的 CharSet 设置，或者指定为具有 Unicode (或与系统相关的) UnmanagedType 的 MarshalAs 特性。</Description>
   <Resolution Name="ParameterImplicitAnsi">为了降低安全风险，请将参数 {0} 封送为 Unicode，方法是将 DllImport.CharSet 设置为 CharSet.Unicode，或者将该参数显式封送为 UnmanagedType.LPWStr。如果您需要将该字符串封送为 ANSI 或者与系统相关的编码，请显式指定 MarshalAs，并设置 BestFitMapping=false；为了提高安全性，还应设置 ThrowOnUnmappableChar=true。</Resolution>
   <Owner />
   <Url>http://msdn.microsoft.com/library/ms182319(VS.100).aspx</Url>
   <Email>[none]</Email>
   <MessageLevel Certainty="75">Error</MessageLevel>
   <File Name="globalizationrules.dll" Version="11.0.0.0" />
  </Rule>
  <Rule TypeName="TypesThatOwnDisposableFieldsShouldBeDisposable" Category="Microsoft.Design" CheckId="CA1001">
   <Name>具有可释放字段的类型应该是可释放的</Name>
   <Description>声明可释放成员的类型也应实现 IDisposable。如果该类型没有任何非托管资源，请不要在其上实现终结器。</Description>
   <Resolution Name="DependsOnFix">在 {0} 上实现 IDisposable，因为它创建下列 IDisposable 类型的成员: {1}。如果以前提供过 {0}，对于现有使用者来说，向此类型添加用于实现 IDisposable 的新成员属于重大更改。</Resolution>
   <Resolution Name="NonBreaking">在 {0} 上实现 IDisposable，因为它创建下列 IDisposable 类型的成员: {1}。</Resolution>
   <Owner />
   <Url>http://msdn.microsoft.com/library/ms182172(VS.100).aspx</Url>
   <Email>[none]</Email>
   <MessageLevel Certainty="95">CriticalError</MessageLevel>
   <File Name="designrules.dll" Version="11.0.0.0" />
  </Rule>
  <Rule TypeName="不要多次释放对象" Category="Microsoft.Usage" CheckId="CA2202">
   <Name>不要多次释放对象</Name>
   <Description>可以多次调用正确实现的 Dispose 方法，而不会引发异常。但是，并不保证所有情况下都会如此。若要避免生成 System.ObjectDisposedException，您不应对一个对象多次调用 Dispose。</Description>
   <Resolution Name="Default">可以在方法 {1} 中多次释放对象 {0}。若要避免生成 System.ObjectDisposedException，不应对一个对象多次调用 Dispose。: Lines: 163</Resolution>
   <Owner>RuleOwner</Owner>
   <Url>http://msdn.microsoft.com/library/ms182334(VS.100).aspx</Url>
   <Email />
   <MessageLevel Certainty="75">Warning</MessageLevel>
   <File Name="dataflowrules.dll" Version="11.0.0.0" />
  </Rule>
  <Rule TypeName="检查 SQL 查询是否存在安全漏洞" Category="Microsoft.Security" CheckId="CA2100">
   <Name>检查 SQL 查询是否存在安全漏洞</Name>
   <Description>通过用户输入生成的 SQL 命令字符串容易受到 SQL 注入式攻击。Microsoft SQL Server 和其他数据库服务器支持存储过程和参数化 SQL 查询，这将降低受到注入式攻击的风险。</Description>
   <Resolution Name="WithNonLiterals">传递给 {1} 中的 {0} 的查询字符串可能包含以下变量 {2}。如果其中的任意变量可能来自用户输入，请考虑使用存储过程或参数化 SQL 查询，而不是通过字符串串联来生成查询。</Resolution>
   <Owner>RuleOwner</Owner>
   <Url>http://msdn.microsoft.com/library/ms182310(VS.100).aspx</Url>
   <Email />
   <MessageLevel Certainty="75">Warning</MessageLevel>
   <File Name="dataflowrules.dll" Version="11.0.0.0" />
  </Rule>
 </Rules>
 <Localized>
  <String Key="Category">类别</String>
  <String Key="Certainty">确定性</String>
  <String Key="CollapseAll">全部折叠</String>
  <String Key="CheckId">检查 ID</String>
  <String Key="Error">错误</String>
  <String Key="Errors">错误</String>
  <String Key="ExpandAll">全部展开</String>
  <String Key="Help">帮助</String>
  <String Key="Line">行</String>
  <String Key="Messages">消息</String>
  <String Key="LocationNotStoredInPdb">[位置未存储在 Pdb 中]</String>
  <String Key="Project">项目</String>
  <String Key="Resolution">解析</String>
  <String Key="Rule">规则</String>
  <String Key="RuleFile">规则文件</String>
  <String Key="RuleDescription">规则说明</String>
  <String Key="Source">源</String>
  <String Key="Status">状态</String>
  <String Key="Target">目标</String>
  <String Key="Warning">警告</String>
  <String Key="Warnings">警告</String>
  <String Key="ReportTitle">代码分析报告</String>
 </Localized>
</FxCopReport>
